<?xml version="1.0" encoding="UTF-8" standalone="yes"?>
<addon id="service.system.noxbit"
       name="NOXBIT"
       version="1.0.1"
       provider-name="lysyi">
  <requires>
    <import addon="xbmc.python" version="2.1.0"/>
  </requires>
  <extension point="xbmc.service" library="service.py">
    <provides></provides>
  </extension>  
  <extension point="xbmc.addon.metadata">
    <summary>Noxbit (LibreELEC armhf 13.02.2018) </summary>
    <description>

    </description>
    <disclaimer>

    </disclaimer>
    <platform>all</platform>
    <news>
    </news>
    <assets>
      <icon>resources/icon.png</icon>
      <fanart>resources/fanart.png</fanart>

    </assets>
  </extension>
</addon>
